{"textures":{"0":"modelengine:entity/nocsy_chibi_fox","particle":"#0"},"elements":[{"from":[6.5,6.3750343,6.2],"to":[9.5,8.375034,9.200001],"faces":{"east":{"uv":[6.625,3.5,7.0,3.75],"tintindex":0,"rotation":0,"texture":"#0"},"south":{"uv":[4.5,6.625,4.875,6.875],"tintindex":0,"rotation":0,"texture":"#0"},"north":{"uv":[6.625,3.125,7.0,3.375],"tintindex":0,"rotation":0,"texture":"#0"},"west":{"uv":[5.0,6.625,5.375,6.875],"tintindex":0,"rotation":0,"texture":"#0"},"up":{"uv":[5.875,6.375,5.5,6.0],"tintindex":0,"rotation":0,"texture":"#0"},"down":{"uv":[6.375,5.5,6.0,5.875],"tintindex":0,"rotation":0,"texture":"#0"}}},{"from":[7.8733883,3.7792935,4.385292],"to":[7.8733883,4.3792934,5.385292],"faces":{"east":{"uv":[7.25,5.375,7.375,5.5],"tintindex":0,"rotation":0,"texture":"#0"},"west":{"uv":[5.625,7.25,5.75,7.375],"tintindex":0,"rotation":0,"texture":"#0"}},"rotation":{"origin":[7.8,7.3951297,2.1699162],"angle":-45.0,"axis":"x"}},{"from":[8.873388,3.7792935,4.385292],"to":[8.873388,4.3792934,5.385292],"faces":{"east":{"uv":[7.25,5.625,7.375,5.75],"tintindex":0,"rotation":0,"texture":"#0"},"west":{"uv":[5.875,7.25,6.0,7.375],"tintindex":0,"rotation":0,"texture":"#0"}},"rotation":{"origin":[7.8,7.3951297,2.1699162],"angle":-45.0,"axis":"x"}},{"from":[6.6733885,3.7792935,4.385292],"to":[6.6733885,4.3792934,5.385292],"faces":{"east":{"uv":[7.25,5.125,7.375,5.25],"tintindex":0,"rotation":0,"texture":"#0"},"west":{"uv":[5.375,7.25,5.5,7.375],"tintindex":0,"rotation":0,"texture":"#0"}},"rotation":{"origin":[7.8,7.3951297,2.1699162],"angle":-45.0,"axis":"x"}}],"display":{"gui":{"rotation":[-150.0,-45.0,180.0]}}}