{"textures":{"0":"modelengine:entity/nocsy_chibi_fox","particle":"#0"},"elements":[{"from":[8.126612,3.7792935,4.385292],"to":[8.126612,4.3792934,5.385292],"faces":{"east":{"uv":[7.25,6.125,7.375,6.25],"tintindex":0,"rotation":0,"texture":"#0"},"west":{"uv":[7.25,6.375,7.375,6.5],"tintindex":0,"rotation":0,"texture":"#0"}},"rotation":{"origin":[8.2,7.3951297,2.1699162],"angle":-45.0,"axis":"x"}},{"from":[7.1266117,3.7792935,4.385292],"to":[7.1266117,4.3792934,5.385292],"faces":{"east":{"uv":[7.25,5.875,7.375,6.0],"tintindex":0,"rotation":0,"texture":"#0"},"west":{"uv":[6.125,7.25,6.25,7.375],"tintindex":0,"rotation":0,"texture":"#0"}},"rotation":{"origin":[8.2,7.3951297,2.1699162],"angle":-45.0,"axis":"x"}},{"from":[9.3266115,3.7792935,4.385292],"to":[9.3266115,4.3792934,5.385292],"faces":{"east":{"uv":[7.25,6.625,7.375,6.75],"tintindex":0,"rotation":0,"texture":"#0"},"west":{"uv":[7.25,6.875,7.375,7.0],"tintindex":0,"rotation":0,"texture":"#0"}},"rotation":{"origin":[8.2,7.3951297,2.1699162],"angle":-45.0,"axis":"x"}},{"from":[6.5,6.3750343,6.2],"to":[9.5,8.375034,9.200001],"faces":{"east":{"uv":[1.125,6.75,1.5,7.0],"tintindex":0,"rotation":0,"texture":"#0"},"south":{"uv":[1.625,6.75,2.0,7.0],"tintindex":0,"rotation":0,"texture":"#0"},"north":{"uv":[6.75,0.0,7.125,0.25],"tintindex":0,"rotation":0,"texture":"#0"},"west":{"uv":[6.75,1.75,7.125,2.0],"tintindex":0,"rotation":0,"texture":"#0"},"up":{"uv":[6.5,3.25,6.125,2.875],"tintindex":0,"rotation":0,"texture":"#0"},"down":{"uv":[6.5,3.375,6.125,3.75],"tintindex":0,"rotation":0,"texture":"#0"}}}],"display":{"gui":{"rotation":[-150.0,-45.0,180.0]}}}