{"textures":{"0":"modelengine:entity/nocsy_chibi_fox","particle":"#0"},"elements":[{"from":[8.073388,7.594798,6.4938226],"to":[8.073388,8.294798,7.493822],"faces":{"east":{"uv":[7.125,3.375,7.25,3.5],"tintindex":0,"rotation":0,"texture":"#0"},"west":{"uv":[7.125,3.625,7.25,3.75],"tintindex":0,"rotation":0,"texture":"#0"}},"rotation":{"origin":[8.0,7.3106346,8.178446],"angle":-45.0,"axis":"x"}},{"from":[6.8733883,7.594798,6.4938226],"to":[6.8733883,8.294798,7.493822],"faces":{"east":{"uv":[6.5,7.125,6.625,7.25],"tintindex":0,"rotation":0,"texture":"#0"},"west":{"uv":[6.75,7.125,6.875,7.25],"tintindex":0,"rotation":0,"texture":"#0"}},"rotation":{"origin":[8.0,7.3106346,8.178446],"angle":-45.0,"axis":"x"}},{"from":[9.073388,7.594798,6.4938226],"to":[9.073388,8.294798,7.493822],"faces":{"east":{"uv":[7.125,3.125,7.25,3.25],"tintindex":0,"rotation":0,"texture":"#0"},"west":{"uv":[3.25,7.125,3.375,7.25],"tintindex":0,"rotation":0,"texture":"#0"}},"rotation":{"origin":[8.0,7.3106346,8.178446],"angle":-45.0,"axis":"x"}},{"from":[6.5,6.3106346,6.6784463],"to":[9.5,8.310635,9.678447],"faces":{"east":{"uv":[6.0,6.5,6.375,6.75],"tintindex":0,"rotation":0,"texture":"#0"},"south":{"uv":[6.5,6.0,6.875,6.25],"tintindex":0,"rotation":0,"texture":"#0"},"north":{"uv":[6.5,5.625,6.875,5.875],"tintindex":0,"rotation":0,"texture":"#0"},"west":{"uv":[6.5,6.375,6.875,6.625],"tintindex":0,"rotation":0,"texture":"#0"},"up":{"uv":[6.25,2.25,5.875,1.875],"tintindex":0,"rotation":0,"texture":"#0"},"down":{"uv":[2.375,5.875,2.0,6.25],"tintindex":0,"rotation":0,"texture":"#0"}}}],"display":{"gui":{"rotation":[-150.0,-45.0,180.0]}}}