{"textures":{"0":"modelengine:entity/nocsy_chibi_fox","particle":"#0"},"elements":[{"from":[6.926612,7.594798,6.4938226],"to":[6.926612,8.294798,7.493822],"faces":{"east":{"uv":[7.25,4.875,7.375,5.0],"tintindex":0,"rotation":0,"texture":"#0"},"west":{"uv":[5.125,7.25,5.25,7.375],"tintindex":0,"rotation":0,"texture":"#0"}},"rotation":{"origin":[8.0,7.3106346,8.178446],"angle":-45.0,"axis":"x"}},{"from":[6.5,6.3106346,6.6784463],"to":[9.5,8.310635,9.678447],"faces":{"east":{"uv":[6.625,1.0,7.0,1.25],"tintindex":0,"rotation":0,"texture":"#0"},"south":{"uv":[6.625,2.375,7.0,2.625],"tintindex":0,"rotation":0,"texture":"#0"},"north":{"uv":[6.625,0.625,7.0,0.875],"tintindex":0,"rotation":0,"texture":"#0"},"west":{"uv":[6.625,2.75,7.0,3.0],"tintindex":0,"rotation":0,"texture":"#0"},"up":{"uv":[3.375,6.375,3.0,6.0],"tintindex":0,"rotation":0,"texture":"#0"},"down":{"uv":[3.875,6.0,3.5,6.375],"tintindex":0,"rotation":0,"texture":"#0"}}},{"from":[9.126612,7.594798,6.4938226],"to":[9.126612,8.294798,7.493822],"faces":{"east":{"uv":[7.0,7.125,7.125,7.25],"tintindex":0,"rotation":0,"texture":"#0"},"west":{"uv":[0.0,7.25,0.125,7.375],"tintindex":0,"rotation":0,"texture":"#0"}},"rotation":{"origin":[8.0,7.3106346,8.178446],"angle":-45.0,"axis":"x"}},{"from":[7.926612,7.594798,6.4938226],"to":[7.926612,8.294798,7.493822],"faces":{"east":{"uv":[7.25,0.0,7.375,0.125],"tintindex":0,"rotation":0,"texture":"#0"},"west":{"uv":[7.25,1.75,7.375,1.875],"tintindex":0,"rotation":0,"texture":"#0"}},"rotation":{"origin":[8.0,7.3106346,8.178446],"angle":-45.0,"axis":"x"}}],"display":{"gui":{"rotation":[-150.0,-45.0,180.0]}}}