{"textures":{"0":"modelengine:entity/nocsy_baby_werewolf","particle":"#0"},"elements":[{"from":[6.8535004,11.5082445,9.056591],"to":[6.8535004,12.5082445,10.056591],"faces":{"east":{"uv":[5.875,5.5,6.0,5.625],"tintindex":0,"rotation":0,"texture":"#0"},"west":{"uv":[6.25,2.625,6.375,2.75],"tintindex":0,"rotation":0,"texture":"#0"}},"rotation":{"origin":[7.09744,14.980431,0.96644306],"angle":45.0,"axis":"x"}},{"from":[8.8535,11.5082445,9.056591],"to":[8.8535,12.5082445,10.056591],"faces":{"east":{"uv":[4.875,7.375,5.0,7.5],"tintindex":0,"rotation":0,"texture":"#0"},"west":{"uv":[7.875,6.375,8.0,6.5],"tintindex":0,"rotation":0,"texture":"#0"}},"rotation":{"origin":[7.09744,14.980431,0.96644306],"angle":45.0,"axis":"x"}},{"from":[6.4,6.1,4.7],"to":[9.4,8.1,8.7],"faces":{"east":{"uv":[7.0,2.25,7.5,2.5],"tintindex":0,"rotation":0,"texture":"#0"},"south":{"uv":[7.375,1.75,7.75,2.0],"tintindex":0,"rotation":0,"texture":"#0"},"north":{"uv":[0.625,7.375,1.0,7.625],"tintindex":0,"rotation":0,"texture":"#0"},"west":{"uv":[5.125,7.25,5.625,7.5],"tintindex":0,"rotation":0,"texture":"#0"},"up":{"uv":[4.75,6.375,4.375,5.875],"tintindex":0,"rotation":0,"texture":"#0"},"down":{"uv":[6.625,0.0,6.25,0.5],"tintindex":0,"rotation":0,"texture":"#0"}}},{"from":[7.9535003,11.408245,8.956591],"to":[7.9535003,12.408245,9.956591],"faces":{"east":{"uv":[0.875,6.875,1.0,7.0],"tintindex":0,"rotation":0,"texture":"#0"},"west":{"uv":[0.875,7.125,1.0,7.25],"tintindex":0,"rotation":0,"texture":"#0"}},"rotation":{"origin":[7.09744,14.980431,0.96644306],"angle":45.0,"axis":"x"}}],"display":{"gui":{"rotation":[-150.0,-45.0,180.0]}}}