{"textures":{"0":"modelengine:entity/nocsy_baby_werewolf","particle":"#0"},"elements":[{"from":[6.6,6.1,4.7],"to":[9.6,8.1,8.7],"faces":{"east":{"uv":[6.875,7.25,7.375,7.5],"tintindex":0,"rotation":0,"texture":"#0"},"south":{"uv":[7.375,6.5,7.75,6.75],"tintindex":0,"rotation":0,"texture":"#0"},"north":{"uv":[7.375,6.125,7.75,6.375],"tintindex":0,"rotation":0,"texture":"#0"},"west":{"uv":[0.0,7.375,0.5,7.625],"tintindex":0,"rotation":0,"texture":"#0"},"up":{"uv":[1.0,6.75,0.625,6.25],"tintindex":0,"rotation":0,"texture":"#0"},"down":{"uv":[6.625,0.625,6.25,1.125],"tintindex":0,"rotation":0,"texture":"#0"}}},{"from":[9.1465,11.5082445,9.056591],"to":[9.1465,12.5082445,10.056591],"faces":{"east":{"uv":[6.5,7.875,6.625,8.0],"tintindex":0,"rotation":0,"texture":"#0"},"west":{"uv":[7.875,6.625,8.0,6.75],"tintindex":0,"rotation":0,"texture":"#0"}},"rotation":{"origin":[8.90256,14.980431,0.96644306],"angle":45.0,"axis":"x"}},{"from":[8.0465,11.408245,8.956591],"to":[8.0465,12.408245,9.956591],"faces":{"east":{"uv":[7.875,6.875,8.0,7.0],"tintindex":0,"rotation":0,"texture":"#0"},"west":{"uv":[7.875,7.625,8.0,7.75],"tintindex":0,"rotation":0,"texture":"#0"}},"rotation":{"origin":[8.90256,14.980431,0.96644306],"angle":45.0,"axis":"x"}},{"from":[7.1464996,11.5082445,9.056591],"to":[7.1464996,12.5082445,10.056591],"faces":{"east":{"uv":[7.875,7.875,8.0,8.0],"tintindex":0,"rotation":0,"texture":"#0"},"west":{"uv":[4.5,8.0,4.625,8.125],"tintindex":0,"rotation":0,"texture":"#0"}},"rotation":{"origin":[8.90256,14.980431,0.96644306],"angle":45.0,"axis":"x"}}],"display":{"gui":{"rotation":[-150.0,-45.0,180.0]}}}