{"textures":{"0":"modelengine:entity/nocsy_chibi_dark_water_mage","particle":"#0"},"elements":[{"from":[-3.5333338,5.9346952,8.172535],"to":[-0.5333338,8.934695,11.172535],"faces":{"east":{"uv":[4.75,12.875,4.375,13.25],"tintindex":0,"rotation":0,"texture":"#0"},"south":{"uv":[5.375,12.875,5.0,13.25],"tintindex":0,"rotation":0,"texture":"#0"},"north":{"uv":[4.0,13.5,3.625,13.875],"tintindex":0,"rotation":0,"texture":"#0"},"west":{"uv":[3.375,13.5,3.0,13.875],"tintindex":0,"rotation":0,"texture":"#0"},"up":{"uv":[4.125,12.75,3.75,13.125],"tintindex":0,"rotation":0,"texture":"#0"},"down":{"uv":[3.5,12.75,3.125,13.125],"tintindex":0,"rotation":0,"texture":"#0"}},"rotation":{"origin":[-2.0333338,7.4346952,9.672535],"angle":-22.5,"axis":"z"}},{"from":[13.628142,5.9346952,13.360741],"to":[16.628143,8.934695,16.36074],"faces":{"east":{"uv":[5.0,14.875,4.625,15.25],"tintindex":0,"rotation":0,"texture":"#0"},"south":{"uv":[4.5,15.25,4.125,15.625],"tintindex":0,"rotation":0,"texture":"#0"},"north":{"uv":[5.875,14.5,5.5,14.875],"tintindex":0,"rotation":0,"texture":"#0"},"west":{"uv":[5.625,15.125,5.25,15.5],"tintindex":0,"rotation":0,"texture":"#0"},"up":{"uv":[5.125,14.25,4.75,14.625],"tintindex":0,"rotation":270,"texture":"#0"},"down":{"uv":[4.125,14.625,3.75,15.0],"tintindex":0,"rotation":90,"texture":"#0"}},"rotation":{"origin":[15.128142,7.4346952,14.860741],"angle":45.0,"axis":"y"}},{"from":[-0.6948099,5.9346952,13.360741],"to":[2.305191,8.934695,16.36074],"faces":{"east":{"uv":[5.25,15.125,5.625,15.5],"tintindex":0,"rotation":0,"texture":"#0"},"south":{"uv":[4.125,15.25,4.5,15.625],"tintindex":0,"rotation":0,"texture":"#0"},"north":{"uv":[5.5,14.5,5.875,14.875],"tintindex":0,"rotation":0,"texture":"#0"},"west":{"uv":[4.625,14.875,5.0,15.25],"tintindex":0,"rotation":0,"texture":"#0"},"up":{"uv":[5.125,14.625,4.75,14.25],"tintindex":0,"rotation":270,"texture":"#0"},"down":{"uv":[4.125,15.0,3.75,14.625],"tintindex":0,"rotation":90,"texture":"#0"}},"rotation":{"origin":[0.80519104,7.4346952,14.860741],"angle":-45.0,"axis":"y"}},{"from":[14.466667,6.9346952,1.172535],"to":[17.466667,9.934695,4.172535],"faces":{"east":{"uv":[4.625,14.875,5.0,15.25],"tintindex":0,"rotation":0,"texture":"#0"},"south":{"uv":[5.5,14.5,5.875,14.875],"tintindex":0,"rotation":0,"texture":"#0"},"north":{"uv":[4.125,15.25,4.5,15.625],"tintindex":0,"rotation":0,"texture":"#0"},"west":{"uv":[5.25,15.125,5.625,15.5],"tintindex":0,"rotation":0,"texture":"#0"},"up":{"uv":[4.75,14.25,5.125,14.625],"tintindex":0,"rotation":270,"texture":"#0"},"down":{"uv":[3.75,14.625,4.125,15.0],"tintindex":0,"rotation":90,"texture":"#0"}},"rotation":{"origin":[15.966667,8.434695,2.672535],"angle":-45.0,"axis":"y"}},{"from":[6.4666667,6.9346952,-1.827465],"to":[9.466667,9.934695,1.172535],"faces":{"east":{"uv":[3.0,13.5,3.375,13.875],"tintindex":0,"rotation":0,"texture":"#0"},"south":{"uv":[5.0,12.875,5.375,13.25],"tintindex":0,"rotation":0,"texture":"#0"},"north":{"uv":[3.625,13.5,4.0,13.875],"tintindex":0,"rotation":0,"texture":"#0"},"west":{"uv":[4.375,12.875,4.75,13.25],"tintindex":0,"rotation":0,"texture":"#0"},"up":{"uv":[3.75,12.75,4.125,13.125],"tintindex":0,"rotation":0,"texture":"#0"},"down":{"uv":[3.125,12.75,3.5,13.125],"tintindex":0,"rotation":0,"texture":"#0"}},"rotation":{"origin":[7.9666667,8.434695,-0.32746506],"angle":45.0,"axis":"z"}},{"from":[6.4666667,6.9346952,16.172535],"to":[9.466667,9.934695,19.172535],"faces":{"east":{"uv":[3.0,13.5,3.375,13.875],"tintindex":0,"rotation":0,"texture":"#0"},"south":{"uv":[5.0,12.875,5.375,13.25],"tintindex":0,"rotation":0,"texture":"#0"},"north":{"uv":[3.625,13.5,4.0,13.875],"tintindex":0,"rotation":0,"texture":"#0"},"west":{"uv":[4.375,12.875,4.75,13.25],"tintindex":0,"rotation":0,"texture":"#0"},"up":{"uv":[3.75,12.75,4.125,13.125],"tintindex":0,"rotation":0,"texture":"#0"},"down":{"uv":[3.125,12.75,3.5,13.125],"tintindex":0,"rotation":0,"texture":"#0"}},"rotation":{"origin":[7.9666667,8.434695,17.672535],"angle":45.0,"axis":"z"}},{"from":[-1.5333338,6.9346952,1.172535],"to":[1.4666667,9.934695,4.172535],"faces":{"east":{"uv":[5.625,15.125,5.25,15.5],"tintindex":0,"rotation":0,"texture":"#0"},"south":{"uv":[5.875,14.5,5.5,14.875],"tintindex":0,"rotation":0,"texture":"#0"},"north":{"uv":[4.5,15.25,4.125,15.625],"tintindex":0,"rotation":0,"texture":"#0"},"west":{"uv":[5.0,14.875,4.625,15.25],"tintindex":0,"rotation":0,"texture":"#0"},"up":{"uv":[4.75,14.625,5.125,14.25],"tintindex":0,"rotation":270,"texture":"#0"},"down":{"uv":[3.75,15.0,4.125,14.625],"tintindex":0,"rotation":90,"texture":"#0"}},"rotation":{"origin":[-0.03333378,8.434695,2.672535],"angle":45.0,"axis":"y"}},{"from":[16.466667,5.9346952,8.172535],"to":[19.466667,8.934695,11.172535],"faces":{"east":{"uv":[3.0,13.5,3.375,13.875],"tintindex":0,"rotation":0,"texture":"#0"},"south":{"uv":[5.0,12.875,5.375,13.25],"tintindex":0,"rotation":0,"texture":"#0"},"north":{"uv":[3.625,13.5,4.0,13.875],"tintindex":0,"rotation":0,"texture":"#0"},"west":{"uv":[4.375,12.875,4.75,13.25],"tintindex":0,"rotation":0,"texture":"#0"},"up":{"uv":[3.75,12.75,4.125,13.125],"tintindex":0,"rotation":0,"texture":"#0"},"down":{"uv":[3.125,12.75,3.5,13.125],"tintindex":0,"rotation":0,"texture":"#0"}},"rotation":{"origin":[17.966667,7.4346952,9.672535],"angle":22.5,"axis":"z"}}],"display":{"gui":{"rotation":[-150.0,-45.0,180.0]}}}