{"textures":{"0":"modelengine:entity/nocsy_chibi_dark_mage","particle":"#0"},"elements":[{"from":[0.5,-6.984892,8.225587],"to":[15.5,4.015108,8.225587],"faces":{"south":{"uv":[1.0,2.25,1.9375,2.9375],"tintindex":0,"rotation":0,"texture":"#0"},"north":{"uv":[0.0,2.25,0.9375,2.9375],"tintindex":0,"rotation":0,"texture":"#0"}},"rotation":{"origin":[8.0,4.215109,-4.5744133],"angle":-22.5,"axis":"x"}},{"from":[4.2,-6.4587116,8.257356],"to":[11.8,-5.258712,8.257356],"faces":{"south":{"uv":[7.0625,6.375,7.5625,6.4375],"tintindex":0,"rotation":0,"texture":"#0"},"north":{"uv":[3.5,2.9375,4.0,3.0],"tintindex":0,"rotation":0,"texture":"#0"}},"rotation":{"origin":[7.8,4.241288,-4.8426437],"angle":-22.5,"axis":"x"}},{"from":[3.1,-5.258712,8.257356],"to":[12.9,3.7412882,8.257356],"faces":{"south":{"uv":[4.125,4.1875,4.75,4.75],"tintindex":0,"rotation":0,"texture":"#0"},"north":{"uv":[4.1875,1.9375,4.8125,2.5],"tintindex":0,"rotation":0,"texture":"#0"}},"rotation":{"origin":[8.0,4.241288,-4.8426437],"angle":-22.5,"axis":"x"}},{"from":[0.5,-6.984892,8.425587],"to":[15.5,4.015108,8.425587],"faces":{"south":{"uv":[1.9375,1.5,2.875,2.1875],"tintindex":0,"rotation":0,"texture":"#0"},"north":{"uv":[1.9375,0.75,2.875,1.4375],"tintindex":0,"rotation":0,"texture":"#0"}},"rotation":{"origin":[8.0,4.215109,-4.5744133],"angle":-22.5,"axis":"x"}}],"display":{"gui":{"rotation":[-150.0,-45.0,180.0]}}}