{"textures":{"0":"modelengine:entity/nocsy_chibi_dark_mage","particle":"#0"},"elements":[{"from":[0.5,-4.259096,6.843569],"to":[15.5,6.740905,6.843569],"faces":{"south":{"uv":[0.9375,0.75,1.875,1.4375],"tintindex":0,"rotation":0,"texture":"#0"},"north":{"uv":[0.9375,0.0,1.875,0.6875],"tintindex":0,"rotation":0,"texture":"#0"}},"rotation":{"origin":[8.0,4.240905,10.843569],"angle":22.5,"axis":"x"}},{"from":[5.25,-3.5590954,7.0435686],"to":[10.75,-2.6590958,7.0435686],"faces":{"south":{"uv":[7.125,4.4375,7.5,4.5],"tintindex":0,"rotation":0,"texture":"#0"},"north":{"uv":[7.125,4.3125,7.5,4.375],"tintindex":0,"rotation":0,"texture":"#0"}},"rotation":{"origin":[7.85,4.240905,10.843569],"angle":22.5,"axis":"x"}},{"from":[3.0500002,-2.6590958,7.0435686],"to":[12.95,6.740905,7.0435686],"faces":{"south":{"uv":[4.125,3.5625,4.75,4.125],"tintindex":0,"rotation":0,"texture":"#0"},"north":{"uv":[4.0625,2.9375,4.6875,3.5],"tintindex":0,"rotation":0,"texture":"#0"}},"rotation":{"origin":[7.95,4.240905,10.843569],"angle":22.5,"axis":"x"}},{"from":[0.5,-4.259096,7.1435685],"to":[15.5,6.740905,7.1435685],"faces":{"south":{"uv":[1.9375,0.0,2.875,0.6875],"tintindex":0,"rotation":0,"texture":"#0"},"north":{"uv":[0.9375,1.5,1.875,2.1875],"tintindex":0,"rotation":0,"texture":"#0"}},"rotation":{"origin":[8.0,4.240905,10.843569],"angle":22.5,"axis":"x"}}],"display":{"gui":{"rotation":[-150.0,-45.0,180.0]}}}