{"textures":{"0":"modelengine:entity/nocsy_chibi_dark_mage","particle":"#0"},"elements":[{"from":[0.5550165,2.9138184,4.0],"to":[4.5550165,6.9138184,8.0],"faces":{"east":{"uv":[2.375,6.1875,2.625,6.4375],"tintindex":0,"rotation":0,"texture":"#0"},"south":{"uv":[6.25,0.875,6.5,1.125],"tintindex":0,"rotation":0,"texture":"#0"},"north":{"uv":[3.75,1.9375,4.0,2.1875],"tintindex":0,"rotation":0,"texture":"#0"},"west":{"uv":[6.25,2.3125,6.5,2.5625],"tintindex":0,"rotation":0,"texture":"#0"},"up":{"uv":[4.9375,6.5,4.6875,6.25],"tintindex":0,"rotation":0,"texture":"#0"},"down":{"uv":[6.5625,0.375,6.3125,0.625],"tintindex":0,"rotation":0,"texture":"#0"}}},{"from":[1.5650165,11.752245,8.252641],"to":[3.5450165,18.732244,10.23264],"faces":{"east":{"uv":[0.375,6.75,0.5,7.1875],"tintindex":0,"rotation":0,"texture":"#0"},"south":{"uv":[5.625,6.75,5.75,7.1875],"tintindex":0,"rotation":0,"texture":"#0"},"north":{"uv":[1.5625,6.6875,1.6875,7.125],"tintindex":0,"rotation":0,"texture":"#0"},"west":{"uv":[5.8125,6.75,5.9375,7.1875],"tintindex":0,"rotation":0,"texture":"#0"},"up":{"uv":[0.6875,7.3125,0.5625,7.1875],"tintindex":0,"rotation":0,"texture":"#0"},"down":{"uv":[1.6875,7.1875,1.5625,7.3125],"tintindex":0,"rotation":0,"texture":"#0"}},"rotation":{"origin":[2.5550165,16.742245,9.2426405],"angle":45.0,"axis":"x"}},{"from":[1.5550165,0.91381836,5.0],"to":[3.5550165,13.913818,7.0],"faces":{"east":{"uv":[2.875,5.625,3.0,6.4375],"tintindex":0,"rotation":0,"texture":"#0"},"south":{"uv":[3.0625,6.0,3.1875,6.8125],"tintindex":0,"rotation":0,"texture":"#0"},"north":{"uv":[3.875,5.5625,4.0,6.375],"tintindex":0,"rotation":0,"texture":"#0"},"west":{"uv":[3.25,6.0,3.375,6.8125],"tintindex":0,"rotation":0,"texture":"#0"},"up":{"uv":[2.8125,6.3125,2.6875,6.1875],"tintindex":0,"rotation":0,"texture":"#0"},"down":{"uv":[7.125,7.125,7.0,7.25],"tintindex":0,"rotation":0,"texture":"#0"}}},{"from":[1.5550165,-4.2467756,7.2199802],"to":[3.5550165,1.7532244,9.21998],"faces":{"east":{"uv":[4.0,6.875,4.125,7.25],"tintindex":0,"rotation":0,"texture":"#0"},"south":{"uv":[4.1875,6.875,4.3125,7.25],"tintindex":0,"rotation":0,"texture":"#0"},"north":{"uv":[3.25,6.875,3.375,7.25],"tintindex":0,"rotation":0,"texture":"#0"},"west":{"uv":[4.375,6.875,4.5,7.25],"tintindex":0,"rotation":0,"texture":"#0"},"up":{"uv":[4.9375,7.3125,4.8125,7.1875],"tintindex":0,"rotation":0,"texture":"#0"},"down":{"uv":[5.125,7.1875,5.0,7.3125],"tintindex":0,"rotation":0,"texture":"#0"}},"rotation":{"origin":[2.5550165,-4.2467756,8.21998],"angle":-22.5,"axis":"x"}},{"from":[1.5650167,16.957941,3.5336256],"to":[3.5650167,22.957941,5.5336256],"faces":{"east":{"uv":[1.1875,6.875,1.3125,7.25],"tintindex":0,"rotation":0,"texture":"#0"},"south":{"uv":[1.375,6.875,1.5,7.25],"tintindex":0,"rotation":0,"texture":"#0"},"north":{"uv":[1.0,6.875,1.125,7.25],"tintindex":0,"rotation":0,"texture":"#0"},"west":{"uv":[3.0625,6.875,3.1875,7.25],"tintindex":0,"rotation":0,"texture":"#0"},"up":{"uv":[7.3125,3.875,7.1875,3.75],"tintindex":0,"rotation":0,"texture":"#0"},"down":{"uv":[7.3125,3.9375,7.1875,4.0625],"tintindex":0,"rotation":0,"texture":"#0"}},"rotation":{"origin":[2.5650167,20.457941,4.5336256],"angle":22.5,"axis":"x"}},{"from":[4.655017,7.2138186,8.2],"to":[0.2550171,2.8138177,3.8],"faces":{"east":{"uv":[6.3125,3.3125,6.5625,3.5625],"tintindex":0,"rotation":0,"texture":"#0"},"south":{"uv":[6.3125,3.625,6.5625,3.875],"tintindex":0,"rotation":0,"texture":"#0"},"north":{"uv":[6.3125,2.0,6.5625,2.25],"tintindex":0,"rotation":0,"texture":"#0"},"west":{"uv":[6.3125,3.9375,6.5625,4.1875],"tintindex":0,"rotation":0,"texture":"#0"},"up":{"uv":[6.5625,4.875,6.3125,4.625],"tintindex":0,"rotation":0,"texture":"#0"},"down":{"uv":[5.25,6.3125,5.0,6.5625],"tintindex":0,"rotation":0,"texture":"#0"}}},{"from":[1.5650167,19.617191,5.267767],"to":[3.5650167,21.617191,10.267767],"faces":{"east":{"uv":[7.0,1.75,7.3125,1.875],"tintindex":0,"rotation":0,"texture":"#0"},"south":{"uv":[7.1875,1.9375,7.3125,2.0625],"tintindex":0,"rotation":0,"texture":"#0"},"north":{"uv":[1.75,7.1875,1.875,7.3125],"tintindex":0,"rotation":0,"texture":"#0"},"west":{"uv":[7.0,3.5625,7.3125,3.6875],"tintindex":0,"rotation":0,"texture":"#0"},"up":{"uv":[3.8125,7.3125,3.6875,7.0],"tintindex":0,"rotation":0,"texture":"#0"},"down":{"uv":[7.125,5.3125,7.0,5.625],"tintindex":0,"rotation":0,"texture":"#0"}},"rotation":{"origin":[2.5650167,20.617191,6.767767],"angle":45.0,"axis":"x"}}],"display":{"gui":{"rotation":[-150.0,-45.0,180.0]}}}