{"textures":{"0":"modelengine:entity/nocsy_chibi_dark_mage","particle":"#0"},"elements":[{"from":[7.0547585,-3.2590961,4.638809],"to":[7.0547585,-2.2590961,11.33881],"faces":{"east":{"uv":[7.125,2.4375,7.5625,2.5],"tintindex":0,"rotation":0,"texture":"#0"},"west":{"uv":[7.125,2.5625,7.5625,2.625],"tintindex":0,"rotation":0,"texture":"#0"}},"rotation":{"origin":[12.654758,4.240905,6.7388096],"angle":-22.5,"axis":"z"}},{"from":[6.777147,-5.598488,2.0],"to":[6.777147,5.401512,14.0],"faces":{"east":{"uv":[2.4375,3.0625,3.1875,3.75],"tintindex":0,"rotation":0,"texture":"#0"},"west":{"uv":[3.25,3.0625,4.0,3.75],"tintindex":0,"rotation":0,"texture":"#0"}},"rotation":{"origin":[14.077147,2.9015121,8.0],"angle":-22.5,"axis":"z"}},{"from":[7.0547585,-2.2590961,3.7388096],"to":[7.0547585,6.740905,12.33881],"faces":{"east":{"uv":[4.5,1.1875,5.0625,1.75],"tintindex":0,"rotation":0,"texture":"#0"},"west":{"uv":[2.875,4.5,3.4375,5.0625],"tintindex":0,"rotation":0,"texture":"#0"}},"rotation":{"origin":[12.654758,4.240905,6.7388096],"angle":-22.5,"axis":"z"}},{"from":[6.5771465,-5.598488,2.0],"to":[6.5771465,5.401512,14.0],"faces":{"east":{"uv":[0.8125,3.0,1.5625,3.6875],"tintindex":0,"rotation":0,"texture":"#0"},"west":{"uv":[1.625,3.0625,2.375,3.75],"tintindex":0,"rotation":0,"texture":"#0"}},"rotation":{"origin":[14.077147,2.9015121,8.0],"angle":-22.5,"axis":"z"}}],"display":{"gui":{"rotation":[-150.0,-45.0,180.0]}}}