{"textures":{"0":"modelengine:entity/nocsy_chibi_dark_mage","particle":"#0"},"elements":[{"from":[11.4449835,2.9138184,4.0],"to":[15.4449835,6.9138184,8.0],"faces":{"east":{"uv":[6.5,2.3125,6.25,2.5625],"tintindex":0,"rotation":0,"texture":"#0"},"south":{"uv":[6.5,0.875,6.25,1.125],"tintindex":0,"rotation":0,"texture":"#0"},"north":{"uv":[4.0,1.9375,3.75,2.1875],"tintindex":0,"rotation":0,"texture":"#0"},"west":{"uv":[2.625,6.1875,2.375,6.4375],"tintindex":0,"rotation":0,"texture":"#0"},"up":{"uv":[4.6875,6.5,4.9375,6.25],"tintindex":0,"rotation":0,"texture":"#0"},"down":{"uv":[6.3125,0.375,6.5625,0.625],"tintindex":0,"rotation":0,"texture":"#0"}}},{"from":[15.744983,7.2138186,8.2],"to":[11.344983,2.8138177,3.8],"faces":{"east":{"uv":[6.5625,3.9375,6.3125,4.1875],"tintindex":0,"rotation":0,"texture":"#0"},"south":{"uv":[6.5625,3.625,6.3125,3.875],"tintindex":0,"rotation":0,"texture":"#0"},"north":{"uv":[6.5625,2.0,6.3125,2.25],"tintindex":0,"rotation":0,"texture":"#0"},"west":{"uv":[6.5625,3.3125,6.3125,3.5625],"tintindex":0,"rotation":0,"texture":"#0"},"up":{"uv":[6.3125,4.875,6.5625,4.625],"tintindex":0,"rotation":0,"texture":"#0"},"down":{"uv":[5.0,6.3125,5.25,6.5625],"tintindex":0,"rotation":0,"texture":"#0"}}}],"display":{"gui":{"rotation":[-150.0,-45.0,180.0]}}}