{"textures":{"0":"modelengine:entity/nocsy_chibi_dark_mage","particle":"#0"},"elements":[{"from":[8.945242,-2.2590961,3.7388096],"to":[8.945242,6.740905,12.33881],"faces":{"east":{"uv":[2.25,4.4375,2.8125,5.0],"tintindex":0,"rotation":0,"texture":"#0"},"west":{"uv":[4.5,0.5625,5.0625,1.125],"tintindex":0,"rotation":0,"texture":"#0"}},"rotation":{"origin":[3.345241,4.240905,6.7388096],"angle":22.5,"axis":"z"}},{"from":[9.222853,-5.598488,2.0],"to":[9.222853,5.401512,14.0],"faces":{"east":{"uv":[2.9375,1.5,3.6875,2.1875],"tintindex":0,"rotation":0,"texture":"#0"},"west":{"uv":[0.0,3.0,0.75,3.6875],"tintindex":0,"rotation":0,"texture":"#0"}},"rotation":{"origin":[1.9228535,2.9015121,8.0],"angle":22.5,"axis":"z"}},{"from":[9.422853,-5.598488,2.0],"to":[9.422853,5.401512,14.0],"faces":{"east":{"uv":[2.9375,0.0,3.6875,0.6875],"tintindex":0,"rotation":0,"texture":"#0"},"west":{"uv":[2.9375,0.75,3.6875,1.4375],"tintindex":0,"rotation":0,"texture":"#0"}},"rotation":{"origin":[1.9228535,2.9015121,8.0],"angle":22.5,"axis":"z"}},{"from":[8.945242,-3.2590961,4.638809],"to":[8.945242,-2.2590961,11.33881],"faces":{"east":{"uv":[7.125,0.875,7.5625,0.9375],"tintindex":0,"rotation":0,"texture":"#0"},"west":{"uv":[7.125,2.3125,7.5625,2.375],"tintindex":0,"rotation":0,"texture":"#0"}},"rotation":{"origin":[3.345241,4.240905,6.7388096],"angle":22.5,"axis":"z"}}],"display":{"gui":{"rotation":[-150.0,-45.0,180.0]}}}