{"textures":{"0":"modelengine:entity/nocsy_fairy_drakonin_baby","particle":"#0"},"elements":[{"from":[5.9277344,3.4587135,0.5507469],"to":[5.9277344,8.458714,8.550747],"faces":{"east":{"uv":[6.625,0.75,7.625,1.375],"tintindex":0,"rotation":0,"texture":"#0"},"west":{"uv":[6.625,1.5,7.625,2.125],"tintindex":0,"rotation":0,"texture":"#0"}},"rotation":{"origin":[6.967793,2.737461,3.9651146],"angle":-22.5,"axis":"x"}},{"from":[6.967793,5.8874617,7.4651146],"to":[6.967793,10.887461,18.465115],"faces":{"east":{"uv":[5.5,6.375,6.875,7.0],"tintindex":0,"rotation":0,"texture":"#0"},"west":{"uv":[6.5,4.75,7.875,5.375],"tintindex":0,"rotation":0,"texture":"#0"}}}],"display":{"gui":{"rotation":[-150.0,-45.0,180.0]}}}