{"textures":{"0":"modelengine:entity/nocsy_fairy_drakonin_baby","particle":"#0"},"elements":[{"from":[9.0322075,5.8874617,7.4651146],"to":[9.0322075,10.887461,18.465115],"faces":{"east":{"uv":[5.5,4.0,6.875,4.625],"tintindex":0,"rotation":0,"texture":"#0"},"west":{"uv":[4.0,6.375,5.375,7.0],"tintindex":0,"rotation":0,"texture":"#0"}}},{"from":[10.072266,3.4587135,0.5507469],"to":[10.072266,8.458714,8.550747],"faces":{"east":{"uv":[6.5,5.5,7.5,6.125],"tintindex":0,"rotation":0,"texture":"#0"},"west":{"uv":[6.625,0.0,7.625,0.625],"tintindex":0,"rotation":0,"texture":"#0"}},"rotation":{"origin":[9.0322075,2.737461,3.9651146],"angle":-22.5,"axis":"x"}}],"display":{"gui":{"rotation":[-150.0,-45.0,180.0]}}}