{"textures":{"0":"modelengine:entity/nocsy_fairy_drakonin_baby","particle":"#0"},"elements":[{"from":[5.8322177,6.834434,6.6400003],"to":[9.232217,9.234433,9.04],"faces":{"east":{"uv":[10.25,0.0,10.0,0.25],"tintindex":0,"rotation":0,"texture":"#0"},"south":{"uv":[9.875,0.0,9.5,0.25],"tintindex":0,"rotation":0,"texture":"#0"},"north":{"uv":[9.0,7.125,8.625,7.375],"tintindex":0,"rotation":0,"texture":"#0"},"west":{"uv":[8.875,4.625,8.625,4.875],"tintindex":0,"rotation":0,"texture":"#0"},"up":{"uv":[9.5,1.75,9.875,1.5],"tintindex":0,"rotation":0,"texture":"#0"},"down":{"uv":[9.75,7.5,10.125,7.75],"tintindex":0,"rotation":0,"texture":"#0"}}},{"from":[3.4322176,7.034434,6.9228425],"to":[7.4322176,9.034433,8.922842],"faces":{"east":{"uv":[10.375,6.875,10.125,7.125],"tintindex":0,"rotation":0,"texture":"#0"},"south":{"uv":[9.875,2.875,9.375,3.125],"tintindex":0,"rotation":0,"texture":"#0"},"north":{"uv":[9.875,2.5,9.375,2.75],"tintindex":0,"rotation":0,"texture":"#0"},"west":{"uv":[10.25,1.5,10.0,1.75],"tintindex":0,"rotation":0,"texture":"#0"},"up":{"uv":[9.375,4.25,9.875,4.0],"tintindex":0,"rotation":0,"texture":"#0"},"down":{"uv":[9.375,5.125,9.875,5.375],"tintindex":0,"rotation":0,"texture":"#0"}}},{"from":[0.94554806,8.034433,5.9143143],"to":[7.945548,8.034433,24.914314],"faces":{"up":{"uv":[0.0,7.375,0.875,5.0],"tintindex":0,"rotation":0,"texture":"#0"},"down":{"uv":[0.0,5.0,0.875,7.375],"tintindex":0,"rotation":0,"texture":"#0"}}},{"from":[-0.26488996,7.044434,5.8115225],"to":[4.715111,9.024433,7.791522],"faces":{"east":{"uv":[9.25,10.125,9.0,10.375],"tintindex":0,"rotation":0,"texture":"#0"},"south":{"uv":[9.125,7.5,8.5,7.75],"tintindex":0,"rotation":0,"texture":"#0"},"north":{"uv":[9.0,3.875,8.375,4.125],"tintindex":0,"rotation":0,"texture":"#0"},"west":{"uv":[8.875,10.125,8.625,10.375],"tintindex":0,"rotation":0,"texture":"#0"},"up":{"uv":[8.5,8.125,9.125,7.875],"tintindex":0,"rotation":0,"texture":"#0"},"down":{"uv":[0.0,8.625,0.625,8.875],"tintindex":0,"rotation":0,"texture":"#0"}},"rotation":{"origin":[2.725111,8.034433,6.8015223],"angle":-45.0,"axis":"y"}}],"display":{"gui":{"rotation":[-150.0,-45.0,180.0]}}}