{"textures":{"0":"modelengine:entity/nocsy_fairy_drakonin_baby","particle":"#0"},"elements":[{"from":[2.8525515,6.9849,5.035283],"to":[9.852552,8.9848995,7.035283],"faces":{"east":{"uv":[10.0,10.125,9.75,10.375],"tintindex":0,"rotation":0,"texture":"#0"},"south":{"uv":[7.125,8.125,6.25,8.375],"tintindex":0,"rotation":0,"texture":"#0"},"north":{"uv":[8.875,5.0,8.0,5.25],"tintindex":0,"rotation":0,"texture":"#0"},"west":{"uv":[9.625,10.125,9.375,10.375],"tintindex":0,"rotation":0,"texture":"#0"},"up":{"uv":[0.0,8.5,0.875,8.25],"tintindex":0,"rotation":0,"texture":"#0"},"down":{"uv":[1.0,8.25,1.875,8.5],"tintindex":0,"rotation":0,"texture":"#0"}},"rotation":{"origin":[6.8525515,7.9848995,8.035283],"angle":22.5,"axis":"y"}},{"from":[7.552552,6.2848997,4.435283],"to":[10.552551,9.2849,7.4352827],"faces":{"east":{"uv":[8.625,8.625,8.25,9.0],"tintindex":0,"rotation":0,"texture":"#0"},"south":{"uv":[8.125,8.625,7.75,9.0],"tintindex":0,"rotation":0,"texture":"#0"},"north":{"uv":[6.0,8.625,5.625,9.0],"tintindex":0,"rotation":0,"texture":"#0"},"west":{"uv":[9.0,6.625,8.625,7.0],"tintindex":0,"rotation":0,"texture":"#0"},"up":{"uv":[3.0,9.125,3.375,8.75],"tintindex":0,"rotation":0,"texture":"#0"},"down":{"uv":[7.25,8.75,7.625,9.125],"tintindex":0,"rotation":0,"texture":"#0"}},"rotation":{"origin":[6.8525515,7.9848995,8.035283],"angle":22.5,"axis":"y"}},{"from":[-12.997448,7.9848995,6.035283],"to":[8.002552,7.9848995,25.035282],"faces":{"up":{"uv":[0.0,2.375,2.625,0.0],"tintindex":0,"rotation":0,"texture":"#0"},"down":{"uv":[0.0,0.0,2.625,2.375],"tintindex":0,"rotation":0,"texture":"#0"}}}],"display":{"gui":{"rotation":[-150.0,-45.0,180.0]}}}