{"textures":{"0":"modelengine:entity/nocsy_fairy_drakonin_baby","particle":"#0"},"elements":[{"from":[7.997448,7.9848995,6.035283],"to":[28.997448,7.9848995,25.035282],"faces":{"up":{"uv":[2.625,2.375,0.0,0.0],"tintindex":0,"rotation":0,"texture":"#0"},"down":{"uv":[2.625,0.0,0.0,2.375],"tintindex":0,"rotation":0,"texture":"#0"}}},{"from":[6.147448,6.9849,5.035283],"to":[13.147449,8.9848995,7.035283],"faces":{"east":{"uv":[9.375,10.125,9.625,10.375],"tintindex":0,"rotation":0,"texture":"#0"},"south":{"uv":[6.25,8.125,7.125,8.375],"tintindex":0,"rotation":0,"texture":"#0"},"north":{"uv":[8.0,5.0,8.875,5.25],"tintindex":0,"rotation":0,"texture":"#0"},"west":{"uv":[9.75,10.125,10.0,10.375],"tintindex":0,"rotation":0,"texture":"#0"},"up":{"uv":[0.875,8.5,0.0,8.25],"tintindex":0,"rotation":0,"texture":"#0"},"down":{"uv":[1.875,8.25,1.0,8.5],"tintindex":0,"rotation":0,"texture":"#0"}},"rotation":{"origin":[9.147449,7.9848995,8.035283],"angle":-22.5,"axis":"y"}},{"from":[5.4474483,6.2848997,4.435283],"to":[8.447448,9.2849,7.4352827],"faces":{"east":{"uv":[8.625,6.625,9.0,7.0],"tintindex":0,"rotation":0,"texture":"#0"},"south":{"uv":[7.75,8.625,8.125,9.0],"tintindex":0,"rotation":0,"texture":"#0"},"north":{"uv":[5.625,8.625,6.0,9.0],"tintindex":0,"rotation":0,"texture":"#0"},"west":{"uv":[8.25,8.625,8.625,9.0],"tintindex":0,"rotation":0,"texture":"#0"},"up":{"uv":[3.375,9.125,3.0,8.75],"tintindex":0,"rotation":0,"texture":"#0"},"down":{"uv":[7.625,8.75,7.25,9.125],"tintindex":0,"rotation":0,"texture":"#0"}},"rotation":{"origin":[9.147449,7.9848995,8.035283],"angle":-22.5,"axis":"y"}}],"display":{"gui":{"rotation":[-150.0,-45.0,180.0]}}}