{"textures":{"0":"modelengine:entity/nocsy_fairy_drakonin_baby","particle":"#0"},"elements":[{"from":[8.567782,7.034434,6.9228425],"to":[12.567782,9.034433,8.922842],"faces":{"east":{"uv":[10.0,1.5,10.25,1.75],"tintindex":0,"rotation":0,"texture":"#0"},"south":{"uv":[9.375,2.875,9.875,3.125],"tintindex":0,"rotation":0,"texture":"#0"},"north":{"uv":[9.375,2.5,9.875,2.75],"tintindex":0,"rotation":0,"texture":"#0"},"west":{"uv":[10.125,6.875,10.375,7.125],"tintindex":0,"rotation":0,"texture":"#0"},"up":{"uv":[9.875,4.25,9.375,4.0],"tintindex":0,"rotation":0,"texture":"#0"},"down":{"uv":[9.875,5.125,9.375,5.375],"tintindex":0,"rotation":0,"texture":"#0"}}},{"from":[6.7677827,6.834434,6.6400003],"to":[10.167783,9.234433,9.04],"faces":{"east":{"uv":[8.625,4.625,8.875,4.875],"tintindex":0,"rotation":0,"texture":"#0"},"south":{"uv":[9.5,0.0,9.875,0.25],"tintindex":0,"rotation":0,"texture":"#0"},"north":{"uv":[8.625,7.125,9.0,7.375],"tintindex":0,"rotation":0,"texture":"#0"},"west":{"uv":[10.0,0.0,10.25,0.25],"tintindex":0,"rotation":0,"texture":"#0"},"up":{"uv":[9.875,1.75,9.5,1.5],"tintindex":0,"rotation":0,"texture":"#0"},"down":{"uv":[10.125,7.5,9.75,7.75],"tintindex":0,"rotation":0,"texture":"#0"}}},{"from":[11.284889,7.044434,5.8115225],"to":[16.26489,9.024433,7.791522],"faces":{"east":{"uv":[8.625,10.125,8.875,10.375],"tintindex":0,"rotation":0,"texture":"#0"},"south":{"uv":[8.5,7.5,9.125,7.75],"tintindex":0,"rotation":0,"texture":"#0"},"north":{"uv":[8.375,3.875,9.0,4.125],"tintindex":0,"rotation":0,"texture":"#0"},"west":{"uv":[9.0,10.125,9.25,10.375],"tintindex":0,"rotation":0,"texture":"#0"},"up":{"uv":[9.125,8.125,8.5,7.875],"tintindex":0,"rotation":0,"texture":"#0"},"down":{"uv":[0.625,8.625,0.0,8.875],"tintindex":0,"rotation":0,"texture":"#0"}},"rotation":{"origin":[13.274889,8.034433,6.8015223],"angle":45.0,"axis":"y"}},{"from":[8.054452,8.034433,5.9143143],"to":[15.054452,8.034433,24.914314],"faces":{"up":{"uv":[0.875,7.375,0.0,5.0],"tintindex":0,"rotation":0,"texture":"#0"},"down":{"uv":[0.875,5.0,0.0,7.375],"tintindex":0,"rotation":0,"texture":"#0"}}}],"display":{"gui":{"rotation":[-150.0,-45.0,180.0]}}}