{"textures":{"0":"modelengine:entity/nocsy_chibi_stegosaur","particle":"#0"},"elements":[{"from":[7.9233303,5.0022736,8.7978115],"to":[7.9233303,15.002273,12.7978115],"faces":{"east":{"uv":[2.625,4.125,3.125,5.375],"tintindex":0,"rotation":0,"texture":"#0"},"west":{"uv":[5.25,3.0,5.75,4.25],"tintindex":0,"rotation":0,"texture":"#0"}},"rotation":{"origin":[7.0401554,4.1000004,9.5],"angle":-22.5,"axis":"z"}},{"from":[4.5,0.6000004,6.0],"to":[11.5,7.6000004,13.0],"faces":{"east":{"uv":[4.25,1.0,5.125,1.875],"tintindex":0,"rotation":0,"texture":"#0"},"south":{"uv":[4.25,3.875,5.125,4.75],"tintindex":0,"rotation":0,"texture":"#0"},"north":{"uv":[4.125,0.0,5.0,0.875],"tintindex":0,"rotation":0,"texture":"#0"},"west":{"uv":[4.375,2.0,5.25,2.875],"tintindex":0,"rotation":0,"texture":"#0"},"up":{"uv":[5.125,5.75,4.25,4.875],"tintindex":0,"rotation":0,"texture":"#0"},"down":{"uv":[6.0,0.0,5.125,0.875],"tintindex":0,"rotation":0,"texture":"#0"}}},{"from":[8.07667,5.0022736,8.7978115],"to":[8.07667,15.002273,12.7978115],"faces":{"east":{"uv":[3.25,5.25,3.75,6.5],"tintindex":0,"rotation":0,"texture":"#0"},"west":{"uv":[5.25,4.375,5.75,5.625],"tintindex":0,"rotation":0,"texture":"#0"}},"rotation":{"origin":[8.959845,4.1000004,9.5],"angle":22.5,"axis":"z"}}],"display":{"gui":{"rotation":[-150.0,-45.0,180.0]}}}