{"textures":{"0":"modelengine:entity/baby_icebear","particle":"#0"},"elements":[{"from":[6.866025,2.0468464,5.788691],"to":[10.866026,9.046846,9.788691],"faces":{"east":{"uv":[1.25,6.125,1.75,7.0],"tintindex":0,"rotation":0,"texture":"#0"},"south":{"uv":[6.25,1.0,6.75,1.875],"tintindex":0,"rotation":0,"texture":"#0"},"north":{"uv":[4.625,6.0,5.125,6.875],"tintindex":0,"rotation":0,"texture":"#0"},"west":{"uv":[1.875,6.25,2.375,7.125],"tintindex":0,"rotation":0,"texture":"#0"},"up":{"uv":[8.875,0.5,8.375,0.0],"tintindex":0,"rotation":0,"texture":"#0"},"down":{"uv":[1.0,8.375,0.5,8.875],"tintindex":0,"rotation":0,"texture":"#0"}}},{"from":[6.292924,2.0468464,9.674892],"to":[6.292924,7.0468464,12.674892],"faces":{"east":{"uv":[0.875,9.0,0.5,9.625],"tintindex":0,"rotation":0,"texture":"#0"},"west":{"uv":[0.375,8.625,0.0,9.25],"tintindex":0,"rotation":0,"texture":"#0"}},"rotation":{"origin":[6.292924,5.5468464,11.174892],"angle":-22.5,"axis":"y"}},{"from":[11.312349,2.0468473,10.699854],"to":[11.312349,9.046846,13.699854],"faces":{"east":{"uv":[0.375,7.625,0.0,8.5],"tintindex":0,"rotation":0,"texture":"#0"},"west":{"uv":[7.875,1.875,7.5,2.75],"tintindex":0,"rotation":0,"texture":"#0"}},"rotation":{"origin":[8.798825,4.1476974,11.366184],"angle":22.5,"axis":"y"}},{"from":[11.312349,2.0468473,6.6998534],"to":[11.312349,9.046846,9.699854],"faces":{"east":{"uv":[5.625,7.25,5.25,8.125],"tintindex":0,"rotation":0,"texture":"#0"},"west":{"uv":[4.375,7.25,4.0,8.125],"tintindex":0,"rotation":0,"texture":"#0"}},"rotation":{"origin":[8.798825,4.1476974,7.3661838],"angle":22.5,"axis":"y"}}],"display":{"gui":{"rotation":[-150.0,-45.0,180.0]}}}