{"textures":{"0":"modelengine:entity/nocsy_fall_drakonin_baby_adjusted","particle":"#0"},"elements":[{"from":[2.8525515,6.9849,5.035283],"to":[9.852552,8.9848995,7.035283],"faces":{"east":{"uv":[6.25,10.5,6.5,10.75],"tintindex":0,"rotation":0,"texture":"#0"},"south":{"uv":[8.25,3.375,9.125,3.625],"tintindex":0,"rotation":0,"texture":"#0"},"north":{"uv":[8.25,3.0,9.125,3.25],"tintindex":0,"rotation":0,"texture":"#0"},"west":{"uv":[6.625,10.5,6.875,10.75],"tintindex":0,"rotation":0,"texture":"#0"},"up":{"uv":[4.625,8.5,3.75,8.25],"tintindex":0,"rotation":0,"texture":"#0"},"down":{"uv":[9.125,6.5,8.25,6.75],"tintindex":0,"rotation":0,"texture":"#0"}},"rotation":{"origin":[6.8525515,7.9848995,8.035283],"angle":22.5,"axis":"y"}},{"from":[-12.997448,7.9848995,6.035283],"to":[8.002552,7.9848995,25.035282],"faces":{"up":{"uv":[5.375,2.375,2.75,0.0],"tintindex":0,"rotation":0,"texture":"#0"},"down":{"uv":[5.375,2.5,2.75,4.875],"tintindex":0,"rotation":0,"texture":"#0"}}},{"from":[7.552552,6.2848997,4.435283],"to":[10.552551,9.2849,7.4352827],"faces":{"east":{"uv":[0.5,8.875,0.875,9.25],"tintindex":0,"rotation":0,"texture":"#0"},"south":{"uv":[6.875,8.875,7.25,9.25],"tintindex":0,"rotation":0,"texture":"#0"},"north":{"uv":[8.875,0.0,9.25,0.375],"tintindex":0,"rotation":0,"texture":"#0"},"west":{"uv":[8.0,8.875,8.375,9.25],"tintindex":0,"rotation":0,"texture":"#0"},"up":{"uv":[1.375,9.375,1.0,9.0],"tintindex":0,"rotation":0,"texture":"#0"},"down":{"uv":[9.375,1.375,9.0,1.75],"tintindex":0,"rotation":0,"texture":"#0"}},"rotation":{"origin":[6.8525515,7.9848995,8.035283],"angle":22.5,"axis":"y"}}],"display":{"gui":{"rotation":[-150.0,-45.0,180.0]}}}