{"textures":{"0":"modelengine:entity/nocsy_fall_drakonin_baby_adjusted","particle":"#0"},"elements":[{"from":[7.997448,7.9848995,6.035283],"to":[28.997448,7.9848995,25.035282],"faces":{"up":{"uv":[2.625,2.375,0.0,0.0],"tintindex":0,"rotation":0,"texture":"#0"},"down":{"uv":[2.625,2.5,0.0,4.875],"tintindex":0,"rotation":0,"texture":"#0"}}},{"from":[6.147448,6.9849,5.035283],"to":[13.147449,8.9848995,7.035283],"faces":{"east":{"uv":[10.375,10.125,10.625,10.375],"tintindex":0,"rotation":0,"texture":"#0"},"south":{"uv":[8.25,2.25,9.125,2.5],"tintindex":0,"rotation":0,"texture":"#0"},"north":{"uv":[1.75,8.25,2.625,8.5],"tintindex":0,"rotation":0,"texture":"#0"},"west":{"uv":[0.0,10.5,0.25,10.75],"tintindex":0,"rotation":0,"texture":"#0"},"up":{"uv":[9.125,2.875,8.25,2.625],"tintindex":0,"rotation":0,"texture":"#0"},"down":{"uv":[3.625,8.25,2.75,8.5],"tintindex":0,"rotation":0,"texture":"#0"}},"rotation":{"origin":[9.147449,7.9848995,8.035283],"angle":-22.5,"axis":"y"}},{"from":[5.4474483,6.2848997,4.435283],"to":[8.447448,9.2849,7.4352827],"faces":{"east":{"uv":[4.75,8.75,5.125,9.125],"tintindex":0,"rotation":0,"texture":"#0"},"south":{"uv":[5.25,8.75,5.625,9.125],"tintindex":0,"rotation":0,"texture":"#0"},"north":{"uv":[4.25,8.625,4.625,9.0],"tintindex":0,"rotation":0,"texture":"#0"},"west":{"uv":[8.75,6.875,9.125,7.25],"tintindex":0,"rotation":0,"texture":"#0"},"up":{"uv":[9.125,7.75,8.75,7.375],"tintindex":0,"rotation":0,"texture":"#0"},"down":{"uv":[0.375,8.875,0.0,9.25],"tintindex":0,"rotation":0,"texture":"#0"}},"rotation":{"origin":[9.147449,7.9848995,8.035283],"angle":-22.5,"axis":"y"}}],"display":{"gui":{"rotation":[-150.0,-45.0,180.0]}}}