{"textures":{"0":"modelengine:entity/nocsy_fall_drakonin_baby_adjusted","particle":"#0"},"elements":[{"from":[8.567782,7.034434,6.9228425],"to":[12.567782,9.034433,8.922842],"faces":{"east":{"uv":[5.125,10.375,5.375,10.625],"tintindex":0,"rotation":0,"texture":"#0"},"south":{"uv":[9.5,1.5,10.0,1.75],"tintindex":0,"rotation":0,"texture":"#0"},"north":{"uv":[9.25,3.375,9.75,3.625],"tintindex":0,"rotation":0,"texture":"#0"},"west":{"uv":[9.625,10.375,9.875,10.625],"tintindex":0,"rotation":0,"texture":"#0"},"up":{"uv":[10.0,5.5,9.5,5.25],"tintindex":0,"rotation":0,"texture":"#0"},"down":{"uv":[10.0,5.625,9.5,5.875],"tintindex":0,"rotation":0,"texture":"#0"}}},{"from":[6.7677827,6.834434,6.6400003],"to":[10.167783,9.234433,9.04],"faces":{"east":{"uv":[4.75,10.375,5.0,10.625],"tintindex":0,"rotation":0,"texture":"#0"},"south":{"uv":[9.875,3.25,10.25,3.5],"tintindex":0,"rotation":0,"texture":"#0"},"north":{"uv":[8.75,7.875,9.125,8.125],"tintindex":0,"rotation":0,"texture":"#0"},"west":{"uv":[10.375,4.75,10.625,5.0],"tintindex":0,"rotation":0,"texture":"#0"},"up":{"uv":[10.25,5.0,9.875,4.75],"tintindex":0,"rotation":0,"texture":"#0"},"down":{"uv":[2.25,10.125,1.875,10.375],"tintindex":0,"rotation":0,"texture":"#0"}}},{"from":[11.284889,7.044434,5.8115225],"to":[16.26489,9.024433,7.791522],"faces":{"east":{"uv":[10.375,9.75,10.625,10.0],"tintindex":0,"rotation":0,"texture":"#0"},"south":{"uv":[8.625,4.75,9.25,5.0],"tintindex":0,"rotation":0,"texture":"#0"},"north":{"uv":[8.625,4.375,9.25,4.625],"tintindex":0,"rotation":0,"texture":"#0"},"west":{"uv":[10.0,10.375,10.25,10.625],"tintindex":0,"rotation":0,"texture":"#0"},"up":{"uv":[9.25,5.375,8.625,5.125],"tintindex":0,"rotation":0,"texture":"#0"},"down":{"uv":[6.75,8.625,6.125,8.875],"tintindex":0,"rotation":0,"texture":"#0"}},"rotation":{"origin":[13.274889,8.034433,6.8015223],"angle":45.0,"axis":"y"}},{"from":[8.054452,8.034433,5.9143143],"to":[15.054452,8.034433,24.914314],"faces":{"up":{"uv":[0.875,7.375,0.0,5.0],"tintindex":0,"rotation":0,"texture":"#0"},"down":{"uv":[1.875,5.0,1.0,7.375],"tintindex":0,"rotation":0,"texture":"#0"}}}],"display":{"gui":{"rotation":[-150.0,-45.0,180.0]}}}