{"textures":{"0":"modelengine:entity/utahraptor3"},"elements":[{"from":[6.9429197,7.442067,6.374505],"to":[8.657206,8.013495,8.660219],"rotation":{"angle":0.0,"axis":"y","origin":[8.085776,8.013495,9.231648]},"faces":{"east":{"uv":[8.75,8.0,9.25,8.125],"rotation":0,"texture":"#0","tintindex":0},"south":{"uv":[9.0,7.25,9.375,7.375],"rotation":0,"texture":"#0","tintindex":0},"north":{"uv":[9.0,5.5,9.375,5.625],"rotation":0,"texture":"#0","tintindex":0},"west":{"uv":[9.0,0.375,9.5,0.5],"rotation":0,"texture":"#0","tintindex":0},"up":{"uv":[8.625,3.5,8.25,3.0],"rotation":0,"texture":"#0","tintindex":0},"down":{"uv":[8.625,7.625,8.25,8.125],"rotation":0,"texture":"#0","tintindex":0}}},{"from":[7.228634,7.584924,5.945934],"to":[7.228634,8.156353,6.5173626],"rotation":{"angle":-22.5,"axis":"x","origin":[7.228634,7.8706384,6.231648]},"faces":{"east":{"uv":[6.75,7.5,6.875,7.625],"rotation":0,"texture":"#0","tintindex":0},"south":{"uv":[9.375,3.625,9.375,3.75],"rotation":0,"texture":"#0","tintindex":0},"north":{"uv":[9.375,1.125,9.375,1.25],"rotation":0,"texture":"#0","tintindex":0},"west":{"uv":[8.625,0.625,8.75,0.75],"rotation":0,"texture":"#0","tintindex":0},"up":{"uv":[9.375,4.0,9.375,3.875],"rotation":0,"texture":"#0","tintindex":0},"down":{"uv":[4.125,9.375,4.125,9.5],"rotation":0,"texture":"#0","tintindex":0}}},{"from":[7.800062,7.584924,6.088791],"to":[7.800062,8.156353,6.6602197],"rotation":{"angle":-22.5,"axis":"x","origin":[7.800062,7.8706384,6.374505]},"faces":{"east":{"uv":[7.25,1.75,7.375,1.875],"rotation":0,"texture":"#0","tintindex":0},"south":{"uv":[9.375,0.0,9.375,0.125],"rotation":0,"texture":"#0","tintindex":0},"north":{"uv":[9.25,8.25,9.25,8.375],"rotation":0,"texture":"#0","tintindex":0},"west":{"uv":[6.75,7.25,6.875,7.375],"rotation":0,"texture":"#0","tintindex":0},"up":{"uv":[9.375,0.75,9.375,0.625],"rotation":0,"texture":"#0","tintindex":0},"down":{"uv":[9.375,0.875,9.375,1.0],"rotation":0,"texture":"#0","tintindex":0}}},{"from":[8.3714905,7.584924,6.088791],"to":[8.3714905,8.156353,6.6602197],"rotation":{"angle":-22.5,"axis":"x","origin":[8.3714905,7.8706384,6.374505]},"faces":{"east":{"uv":[7.25,1.25,7.375,1.375],"rotation":0,"texture":"#0","tintindex":0},"south":{"uv":[7.375,9.25,7.375,9.375],"rotation":0,"texture":"#0","tintindex":0},"north":{"uv":[9.25,6.25,9.25,6.375],"rotation":0,"texture":"#0","tintindex":0},"west":{"uv":[7.25,1.5,7.375,1.625],"rotation":0,"texture":"#0","tintindex":0},"up":{"uv":[7.5,9.375,7.5,9.25],"rotation":0,"texture":"#0","tintindex":0},"down":{"uv":[7.625,9.25,7.625,9.375],"rotation":0,"texture":"#0","tintindex":0}}}],"display":{"head":{"translation":[0.0,-6.4,0.0],"scale":[4.0,4.0,4.0]}}}