{"textures":{"0":"modelengine:entity/utahraptor3"},"elements":[{"from":[7.428571,8.285714,7.5714283],"to":[8.571428,9.428572,11.0],"rotation":{"angle":-22.5,"axis":"x","origin":[8.0,9.142858,9.714286]},"faces":{"east":{"uv":[8.25,3.625,9.0,3.875],"rotation":0,"texture":"#0","tintindex":0},"south":{"uv":[2.25,9.125,2.5,9.375],"rotation":0,"texture":"#0","tintindex":0},"north":{"uv":[9.125,1.875,9.375,2.125],"rotation":0,"texture":"#0","tintindex":0},"west":{"uv":[8.25,8.25,9.0,8.5],"rotation":0,"texture":"#0","tintindex":0},"up":{"uv":[6.125,9.125,5.875,8.375],"rotation":0,"texture":"#0","tintindex":0},"down":{"uv":[6.5,8.375,6.25,9.125],"rotation":0,"texture":"#0","tintindex":0}}},{"from":[7.9994287,9.287869,7.713612],"to":[7.9994287,16.716442,19.713612],"rotation":{"angle":-22.5,"axis":"x","origin":[8.570857,13.016441,16.042183]},"faces":{"east":{"uv":[0.0,2.75,2.625,4.375],"rotation":0,"texture":"#0","tintindex":0},"south":{"uv":[8.125,9.125,8.125,10.75],"rotation":0,"texture":"#0","tintindex":0},"north":{"uv":[8.0,9.125,8.0,10.75],"rotation":0,"texture":"#0","tintindex":0},"west":{"uv":[2.75,2.75,5.375,4.375],"rotation":0,"texture":"#0","tintindex":0},"up":{"uv":[8.25,11.75,8.25,9.125],"rotation":0,"texture":"#0","tintindex":0},"down":{"uv":[8.375,9.125,8.375,11.75],"rotation":0,"texture":"#0","tintindex":0}}},{"from":[4.0,10.857143,8.571428],"to":[12.0,10.857143,20.57143],"rotation":{"angle":-22.5,"axis":"x","origin":[8.0,9.714286,14.571428]},"faces":{"east":{"uv":[9.125,7.5,11.75,7.5],"rotation":0,"texture":"#0","tintindex":0},"south":{"uv":[9.125,7.625,10.875,7.625],"rotation":0,"texture":"#0","tintindex":0},"north":{"uv":[9.125,4.625,10.875,4.625],"rotation":0,"texture":"#0","tintindex":0},"west":{"uv":[9.125,7.75,11.75,7.75],"rotation":0,"texture":"#0","tintindex":0},"up":{"uv":[1.75,2.625,0.0,0.0],"rotation":0,"texture":"#0","tintindex":0},"down":{"uv":[3.625,0.0,1.875,2.625],"rotation":0,"texture":"#0","tintindex":0}}},{"from":[8.0,6.771227,9.701062],"to":[8.0,12.485513,14.84392],"rotation":{"angle":45.0,"axis":"y","origin":[8.0,10.771227,9.701062]},"faces":{"east":{"uv":[3.75,0.0,4.875,1.25],"rotation":0,"texture":"#0","tintindex":0},"south":{"uv":[8.625,9.125,8.625,10.375],"rotation":0,"texture":"#0","tintindex":0},"north":{"uv":[8.5,9.125,8.5,10.375],"rotation":0,"texture":"#0","tintindex":0},"west":{"uv":[3.75,1.375,4.875,2.625],"rotation":0,"texture":"#0","tintindex":0},"up":{"uv":[8.75,10.25,8.75,9.125],"rotation":0,"texture":"#0","tintindex":0},"down":{"uv":[8.875,9.125,8.875,10.25],"rotation":0,"texture":"#0","tintindex":0}}},{"from":[8.0,7.914084,13.129633],"to":[8.0,13.62837,18.272491],"rotation":{"angle":22.5,"axis":"y","origin":[8.0,11.914084,13.129633]},"faces":{"east":{"uv":[0.0,4.5,1.125,5.75],"rotation":0,"texture":"#0","tintindex":0},"south":{"uv":[0.125,9.25,0.125,10.5],"rotation":0,"texture":"#0","tintindex":0},"north":{"uv":[0.0,9.25,0.0,10.5],"rotation":0,"texture":"#0","tintindex":0},"west":{"uv":[1.25,4.5,2.375,5.75],"rotation":0,"texture":"#0","tintindex":0},"up":{"uv":[0.25,10.375,0.25,9.25],"rotation":0,"texture":"#0","tintindex":0},"down":{"uv":[0.375,9.25,0.375,10.375],"rotation":0,"texture":"#0","tintindex":0}}},{"from":[8.0,6.771227,9.701062],"to":[8.0,12.485513,14.84392],"rotation":{"angle":-45.0,"axis":"y","origin":[8.0,10.771227,9.701062]},"faces":{"east":{"uv":[4.875,1.375,3.75,2.625],"rotation":0,"texture":"#0","tintindex":0},"south":{"uv":[8.625,9.125,8.625,10.375],"rotation":0,"texture":"#0","tintindex":0},"north":{"uv":[8.5,9.125,8.5,10.375],"rotation":0,"texture":"#0","tintindex":0},"west":{"uv":[4.875,0.0,3.75,1.25],"rotation":0,"texture":"#0","tintindex":0},"up":{"uv":[8.75,10.25,8.75,9.125],"rotation":0,"texture":"#0","tintindex":0},"down":{"uv":[8.875,9.125,8.875,10.25],"rotation":0,"texture":"#0","tintindex":0}}},{"from":[8.0,7.914084,13.129633],"to":[8.0,13.62837,18.272491],"rotation":{"angle":-22.5,"axis":"y","origin":[8.0,11.914084,13.129633]},"faces":{"east":{"uv":[2.375,4.5,1.25,5.75],"rotation":0,"texture":"#0","tintindex":0},"south":{"uv":[0.125,9.25,0.125,10.5],"rotation":0,"texture":"#0","tintindex":0},"north":{"uv":[0.0,9.25,0.0,10.5],"rotation":0,"texture":"#0","tintindex":0},"west":{"uv":[1.125,4.5,0.0,5.75],"rotation":0,"texture":"#0","tintindex":0},"up":{"uv":[0.25,10.375,0.25,9.25],"rotation":0,"texture":"#0","tintindex":0},"down":{"uv":[0.375,9.25,0.375,10.375],"rotation":0,"texture":"#0","tintindex":0}}},{"from":[8.0,6.771227,13.129633],"to":[8.0,12.485513,18.272491],"rotation":{"angle":-22.5,"axis":"y","origin":[8.0,10.771227,13.129633]},"faces":{"east":{"uv":[5.0,0.0,6.125,1.25],"rotation":0,"texture":"#0","tintindex":0},"south":{"uv":[1.625,9.25,1.625,10.5],"rotation":0,"texture":"#0","tintindex":0},"north":{"uv":[1.5,9.25,1.5,10.5],"rotation":0,"texture":"#0","tintindex":0},"west":{"uv":[5.0,1.375,6.125,2.625],"rotation":0,"texture":"#0","tintindex":0},"up":{"uv":[1.75,10.375,1.75,9.25],"rotation":0,"texture":"#0","tintindex":0},"down":{"uv":[1.875,9.25,1.875,10.375],"rotation":0,"texture":"#0","tintindex":0}}},{"from":[8.0,6.771227,9.701062],"to":[8.0,12.485513,14.84392],"rotation":{"angle":-45.0,"axis":"y","origin":[8.0,10.771227,9.701062]},"faces":{"east":{"uv":[2.5,4.5,3.625,5.75],"rotation":0,"texture":"#0","tintindex":0},"south":{"uv":[1.125,9.25,1.125,10.5],"rotation":0,"texture":"#0","tintindex":0},"north":{"uv":[1.0,9.25,1.0,10.5],"rotation":0,"texture":"#0","tintindex":0},"west":{"uv":[3.75,4.5,4.875,5.75],"rotation":0,"texture":"#0","tintindex":0},"up":{"uv":[1.25,10.375,1.25,9.25],"rotation":0,"texture":"#0","tintindex":0},"down":{"uv":[1.375,9.25,1.375,10.375],"rotation":0,"texture":"#0","tintindex":0}}}],"display":{"head":{"translation":[0.0,-6.4,0.0],"scale":[4.0,4.0,4.0]}}}